id,x,y,z,flight
1,100.5384276,5.253496902,234.91914,1
2,100.5385199,5.253508016,234.99922,1
3,100.5385132,5.253636538,236.13985,1
4,100.5384086,5.253698334,236.37227,1
5,100.5384844,5.253763848,237.68477,1
6,100.5383928,5.253808736,236.61446,1
7,100.5384878,5.253857813,238.425,1
8,100.5383794,5.253921291,236.4543,1
9,100.5384758,5.253976668,238.47383,2
10,100.5383707,5.254027936,235.93282,2
11,100.5384631,5.254089536,237.86055,2
12,100.5383603,5.254129142,235.49922,2
13,100.538466,5.254221855,236.75313,2
14,100.5383461,5.254217471,234.99727,2
15,100.5386103,5.253512556,233.07149,1
16,100.538616,5.253627028,233.89766,1
17,100.5386807,5.253704283,233.87032,1
18,100.5386016,5.253736648,236.40547,1
19,100.5386655,5.253779776,236.12422,1
20,100.5385937,5.253836562,238.29219,1
21,100.538692,5.253841532,236.93282,1
22,100.538598,5.253942268,238.71407,2
23,100.5386857,5.253941133,237.58321,2
24,100.5385808,5.254041869,238.75313,2
25,100.5387048,5.254050166,237.15352,2
26,100.5386449,5.254109417,238.01485,2
27,100.5385735,5.254146518,238.08516,2
28,100.5387042,5.254154971,236.41133,2
29,100.5385757,5.254232147,236.8586,2
30,100.5386857,5.254242323,235.82149,2
31,100.538786,5.254239759,233.41328,2
32,100.538857,5.25424154,230.25117,2
33,100.5388007,5.254153523,233.41719,2
34,100.5388741,5.254123311,230.29414,2
35,100.5387994,5.254058423,234.02657,2
36,100.5389079,5.254023514,230.39961,2
37,100.5388198,5.25396211,234.90938,2
38,100.5388212,5.253864074,234.56953,1
39,100.5387581,5.253783846,234.27461,1
40,100.5388841,5.253755903,229.73164,1
41,100.5388159,5.253691564,230.04414,1
42,100.5387365,5.253618419,230.13399,1
43,100.5388713,5.253596502,224.80391,1
44,100.5387083,5.253523788,229.73164,1
45,100.5388029,5.253528015,225.43672,1
46,100.5389178,5.253540069,221.19844,1
47,100.5390383,5.253552592,218.0168,3
48,100.5389431,5.253674265,225.54414,1
49,100.5390396,5.253652662,221.47774,3
50,100.539026,5.253728195,224.48555,3
51,100.5390058,5.253783063,226.92891,3
52,100.5389469,5.253835427,230.20625,1
53,100.5390078,5.253880198,228.81563,1
54,100.538946,5.253941329,230.76485,2
55,100.5390404,5.253976864,227.66914,2
56,100.5389746,5.25404406,227.06367,2
57,100.5389316,5.25414554,227.04219,2
58,100.53901,5.254151801,222.60664,4
59,100.53893,5.25424968,226.77461,2
60,100.539022,5.254257351,221.33711,4
61,100.539138,5.254260951,213.65352,4
62,100.5391784,5.254184636,214.96016,4
63,100.5390804,5.254168395,218.90547,4
64,100.5390743,5.254077052,223.00899,4
65,100.5391727,5.254052475,222.93672,4
66,100.5391766,5.254117205,219.56367,4
67,100.5391533,5.253973068,225.38008,4
68,100.5390752,5.253876128,227.37813,3
69,100.5391801,5.253864583,224.82344,3
70,100.5391154,5.253782437,224.3625,3
71,100.5391485,5.253714889,221.34688,3
72,100.5391353,5.253614505,217.93672,3
73,100.5392078,5.253570086,215.1418,3
74,100.5391225,5.253555214,216.13594,3
75,100.5393327,5.253582609,214.09883,3
76,100.5392465,5.253668004,217.83711,3
77,100.5393584,5.253711131,217.33321,3
78,100.5393208,5.253787407,219.85274,3
79,100.5393039,5.253885638,222.1086,3
80,100.5393631,5.254038268,219.75508,4
81,100.53928,5.254107069,219.55586,4
82,100.5392931,5.254191837,215.07344,4
83,100.5392465,5.254248115,211.75703,4
84,100.5393729,5.254260912,213.54414,4
85,100.5394896,5.254261734,210.40547,4
86,100.5394648,5.25419399,213.24336,4
87,100.5393875,5.254154463,216.02657,4
88,100.5394648,5.254057171,216.99727,4
89,100.539416,5.25394489,219.55196,3
90,100.5394529,5.253889302,218.95039,3
91,100.539395,5.253838871,219.83907,3
92,100.539463,5.253747058,217.56172,3
93,100.539416,5.253666673,216.38789,3
94,100.5394617,5.253593998,214.61446,3
95,100.5395667,5.253605582,213.23164,3
96,100.5396888,5.253622019,210.3293,5
97,100.5396169,5.253725064,213.93672,3
98,100.53952,5.25382216,217.24922,3
99,100.539647,5.253825917,213.92696,4
100,100.5395768,5.253883447,215.80782,3
101,100.5395064,5.253946495,216.95235,3
102,100.5396296,5.253932249,213.68672,4
103,100.539657,5.254024649,212.24336,4
104,100.53958,5.254035607,214.48164,4
105,100.5396874,5.254099085,210.43672,4
106,100.5395498,5.25413102,213.58321,4
107,100.5396365,5.254198412,209.96602,4
108,100.5395427,5.254210623,210.33125,4
109,100.53961,5.254273005,207.74922,4
110,100.5397457,5.254241188,206.41133,5
111,100.5398035,5.254295039,203.46992,5
112,100.5398281,5.254217158,204.42891,5
113,100.5398019,5.254125072,206.85078,5
114,100.5397146,5.253979291,211.15157,4
115,100.5398185,5.253996041,207.63008,5
116,100.5397302,5.253864662,210.75508,5
117,100.5398301,5.253870297,208.01289,5
118,100.5397348,5.253744906,210.64375,5
119,100.5397958,5.253626363,207.02266,5
120,100.5399169,5.253641548,203.59688,5
121,100.5398282,5.253745728,207.52852,5
122,100.5399262,5.253768974,204.31563,5
123,100.5399412,5.253864231,203.67891,5
124,100.5400116,5.253940859,201.18477,5
125,100.5398823,5.253928296,205.60664,5
126,100.539942,5.253984183,203.25313,5
127,100.5398756,5.254057523,205.49727,5
128,100.5399404,5.25410159,202.67891,5
129,100.5399144,5.254202169,202.03828,5
130,100.53988,5.254287368,201.92891,5
131,100.5400022,5.254308188,198.15938,5
132,100.5400639,5.254244162,197.22383,5
133,100.5401088,5.254304901,194.77657,6
134,100.540058,5.254123154,198.1125,5
135,100.5400746,5.254014943,198.03242,5
136,100.5400738,5.253893896,198.58711,5
137,100.540008,5.253815155,201.17305,5
138,100.5400633,5.253767879,199.01875,6
139,100.5399918,5.253688472,201.80586,5
140,100.5400755,5.253658415,199.02657,6
141,100.5402968,5.253672504,197.66328,6
142,100.540296,5.253803844,195.96797,6
143,100.5402083,5.253925361,193.86641,6
144,100.5403248,5.253929745,195.36836,6
145,100.540198,5.254046095,193.35274,6
146,100.5403513,5.254055958,194.60274,6
147,100.5401916,5.254169608,192.54024,6
148,100.5403074,5.254172583,191.78242,6
149,100.5401809,5.254296409,192.20625,6
150,100.5403029,5.254296252,190.50703,6
151,100.5404838,5.254317385,195.4211,7
152,100.5403992,5.254323491,192.87813,6
153,100.5403974,5.254217315,194.34688,6
154,100.5405539,5.254176457,198.2336,7
155,100.5404598,5.254125698,198.28047,6
156,100.5405198,5.254072317,199.77852,7
157,100.5404351,5.254013887,199.08321,6
158,100.5405289,5.253950565,201.35664,7
159,100.5404185,5.253916282,199.63789,6
160,100.5404658,5.253850768,201.70625,6
161,100.5403989,5.253795743,199.72578,6
162,100.540526,5.253784785,203.10469,6
163,100.5404537,5.253732578,201.58711,6
164,100.5404985,5.253675909,202.61641,6
165,100.5405922,5.253680332,204.67305,6
166,100.5407176,5.253689568,205.39766,7
167,100.540703,5.253788073,202.90157,7
168,100.5406081,5.25382987,202.92696,7
169,100.5406833,5.253881255,200.47188,7
170,100.5406742,5.253975573,198.58125,7
171,100.5405972,5.254049539,199.77461,7
172,100.5406333,5.254243575,195.50703,7
173,100.5406088,5.254329439,194.45625,7
174,100.5410939,5.25370393,202.69453,8
175,100.5412021,5.253715515,199.40742,8
176,100.5410865,5.253782828,202.3918,8
177,100.5410613,5.253881177,200.83907,8
178,100.5411985,5.25383938,199.4836,8
179,100.5411637,5.253942464,197.74922,8
180,100.5410498,5.253971502,197.91133,8
181,100.5411477,5.254031459,195.50313,8
182,100.5410364,5.254051261,195.08907,8
183,100.541126,5.254173404,191.6086,8
184,100.5410181,5.254227803,188.18477,8
185,100.5410773,5.254276958,188.43867,8
186,100.5409981,5.254342432,184.78438,8
187,100.541131,5.254350729,186.97383,8
188,100.5412421,5.254332802,186.29414,8
189,100.5413369,5.254337266,184.5793,8
190,100.5412919,5.254206161,188.03633,8
191,100.5413531,5.254256725,184.7375,8
192,100.5411781,5.254264082,188.61055,8
193,100.5412392,5.254096698,191.75508,8
194,100.5413278,5.25403232,191.60274,8
195,100.5412555,5.253960231,195.63789,8
196,100.5412384,5.253910059,196.73555,8
197,100.5413073,5.253855269,196.25508,8
198,100.5413469,5.25378729,195.8586,8
199,100.54129,5.253728195,197.44258,8
200,100.5414061,5.253731795,194.20821,8
201,100.5415179,5.253742284,191.33321,9
202,100.5413873,5.25385116,193.88203,8
203,100.5414481,5.254038307,187.35274,9
204,100.5413715,5.254131803,187.34688,8
205,100.5414382,5.254177475,183.74532,9
206,100.541506,5.254088088,182.78438,9
207,100.541411,5.254369475,180.92891,9
208,100.5414764,5.254368536,178.76875,9
209,100.5415484,5.254372293,174.42891,9
210,100.5416495,5.254376676,167.3293,9
211,100.5416171,5.254257234,173.45039,9
212,100.5415321,5.254181388,178.81563,9
213,100.5416847,5.254157124,172.0461,9
214,100.5415934,5.254088167,178.14961,9
215,100.5417246,5.254065624,171.03242,9
216,100.5415745,5.253988683,181.34688,9
217,100.5416413,5.253921448,180.92305,9
218,100.5415779,5.25386564,186.55196,9
219,100.5417154,5.253847951,180.71992,9
220,100.5416402,5.253755707,186.69063,9
221,100.5417427,5.253755238,181.59883,9
222,100.5418034,5.253860787,177.47188,9
223,100.5418948,5.25386234,172.65352,10
224,100.5418344,5.253979056,171.91914,10
225,100.5417173,5.253949078,177.92664,9
226,100.5419041,5.254047035,166.27657,10
227,100.5418077,5.254082688,167.33125,10
228,100.5417961,5.254204361,164.65157,10
229,100.5417316,5.254368027,163.00313,9
230,100.5419196,5.254386812,153.67305,10
231,100.5419962,5.254091593,161.15157,10
232,100.5419888,5.253969898,166.60078,10
233,100.5420293,5.253861844,166.14961,10
234,100.5419496,5.253774649,170.03828,10
235,100.5418283,5.253767918,177.43282,9
236,100.5384185,5.253595212,235.53828,1
237,100.5392422,5.253793765,221.51289,3
238,100.5395272,5.253693015,215.79219,3
239,100.5400029,5.254052161,200.47578,5
240,100.5401904,5.253681735,196.64961,6
241,100.5401697,5.253802633,195.99922,6
242,100.5403989,5.253669505,200.29805,6
243,100.5405087,5.254278196,196.23946,7
244,100.5406272,5.25433058,193.93477,7
245,100.5406465,5.254154365,197.06563,7
246,100.5414696,5.253856851,190.73555,9
247,100.5414789,5.253846054,190.64766,9
248,100.541463,5.254270198,179.69258,9
249,100.5418457,5.254391629,156.88985,10
250,100.5417972,5.254290459,162.79414,10
251,100.541952,5.254161563,159.27266,10
252,100.5418621,5.254122507,163.26485,10
253,100.5418918,5.254276132,157.61641,10
